<?xml version="1.0" encoding="utf-8"?>
<doctrine-mapping xmlns="http://doctrine-project.org/schemas/orm/doctrine-mapping" xmlns:xsi="http://www.w3.org/2001/XMLSchema-instance" xsi:schemaLocation="http://doctrine-project.org/schemas/orm/doctrine-mapping http://doctrine-project.org/schemas/orm/doctrine-mapping.xsd">
  <entity name="Store\StoreBundle\Entity\Images" table="images">
    <id name="id" type="integer" column="id">
      <generator strategy="IDENTITY"/>
    </id>
    <field name="pathimage" type="string" column="pathimage" length="255" nullable="false">
      <options>
        <option name="fixed"/>
      </options>
    </field>
      <one-to-many target-entity="ImagesProducto" mapped-by="idimages" field="images" >

      </one-to-many>
  </entity>
</doctrine-mapping>
