<?xml version="1.0" encoding="utf-8"?>
<doctrine-mapping xmlns="http://doctrine-project.org/schemas/orm/doctrine-mapping" xmlns:xsi="http://www.w3.org/2001/XMLSchema-instance" xsi:schemaLocation="http://doctrine-project.org/schemas/orm/doctrine-mapping http://doctrine-project.org/schemas/orm/doctrine-mapping.xsd">
  <entity name="Common\AdminBaseBundle\Entity\Languages" table="languages">
    <id name="id" type="integer" column="id">
      <generator strategy="IDENTITY"/>
    </id>
    <field name="name" type="string" column="name" length="255" nullable="false">
      <options>
        <option name="fixed"/>
      </options>
    </field>
    <field name="locale" type="string" column="locale" length="255" nullable="false">
      <options>
        <option name="fixed"/>
      </options>
    </field>
    <field name="img" type="string" column="img" length="255" nullable="false">
      <options>
        <option name="fixed"/>
      </options>
    </field>
      <field name="enabled" type="boolean" column="enabled" nullable="false">
      </field>

  </entity>
</doctrine-mapping>
