<?xml version="1.0" encoding="utf-8"?>
<doctrine-mapping xmlns="http://doctrine-project.org/schemas/orm/doctrine-mapping" xmlns:xsi="http://www.w3.org/2001/XMLSchema-instance" xsi:schemaLocation="http://doctrine-project.org/schemas/orm/doctrine-mapping http://doctrine-project.org/schemas/orm/doctrine-mapping.xsd">
  <entity name="Store\StoreBundle\Entity\ProductPrecio" table="product_precio">
    <indexes>
      <index name="producto" columns="idproducto"/>
    </indexes>
    <id name="id" type="integer" column="id">
      <generator strategy="IDENTITY"/>
    </id>
    <field name="precio" type="float" column="precio" precision="10" scale="0" nullable="false"/>
    <field name="precioiva" type="float" column="precioiva" precision="10" scale="0" nullable="false"/>
    <field name="cantidad" type="integer" column="cantidad" nullable="false">
      <options>
        <option name="unsigned"/>
      </options>
    </field>
    <many-to-one field="idproducto" target-entity="Producto" fetch="LAZY">
      <join-columns>
        <join-column name="idproducto" referenced-column-name="id"/>
      </join-columns>
    </many-to-one>
  </entity>
</doctrine-mapping>
