<?xml version="1.0" encoding="utf-8"?>
<doctrine-mapping xmlns="http://doctrine-project.org/schemas/orm/doctrine-mapping" xmlns:xsi="http://www.w3.org/2001/XMLSchema-instance" xsi:schemaLocation="http://doctrine-project.org/schemas/orm/doctrine-mapping http://doctrine-project.org/schemas/orm/doctrine-mapping.xsd">
  <entity name="Store\StoreBundle\Entity\Cart" table="cart"  repository-class="Store\StoreBundle\Repository\CartRepository">
    <id name="id" type="integer" column="id">
      <generator strategy="IDENTITY"/>
    </id>
    <field name="iduser" type="integer" column="iduser" nullable="false">
      <options>
        <option name="unsigned"/>
      </options>
    </field>
    <field name="ordered" type="integer" column="ordered" nullable="false">
      <options>
        <option name="unsigned"/>
      </options>
    </field>
      <field name="date" type="datetime" column="date" nullable="false">
          <options>
              <option name="unsigned"/>
          </options>
      </field>
      <field name="observaciones" type="text" column="observaciones" nullable="false">
          <options>
              <option name="unsigned"/>
          </options>
      </field>
      <field name="clave" type="string" column="clave" nullable="false">
          <options>
              <option name="unsigned"/>
          </options>
      </field>
      <field name="nocliente" type="string" column="nocliente" nullable="false">
          <options>
              <option name="unsigned"/>
          </options>
      </field>
      <one-to-many target-entity="Cartline" mapped-by="idcart" field="Lines" >

      </one-to-many>
  </entity>
</doctrine-mapping>
