<?xml version="1.0" encoding="utf-8"?>
<doctrine-mapping xmlns="http://doctrine-project.org/schemas/orm/doctrine-mapping" xmlns:xsi="http://www.w3.org/2001/XMLSchema-instance" xsi:schemaLocation="http://doctrine-project.org/schemas/orm/doctrine-mapping http://doctrine-project.org/schemas/orm/doctrine-mapping.xsd">
  <entity name="Store\StoreBundle\Entity\Cartline" table="cartline"  repository-class="Store\StoreBundle\Repository\CartlineRepository">
    <indexes>
      <index name="fk_producto" columns="idproducto"/>
      <index name="fk_cart" columns="idcart"/>
    </indexes>
    <id name="id" type="integer" column="id">
      <generator strategy="IDENTITY"/>
    </id>
    <field name="cantidad" type="integer" column="cantidad" nullable="false">
      <options>
        <option name="unsigned"/>
      </options>
    </field>
    <many-to-one field="idproducto" target-entity="Producto" fetch="LAZY">
      <join-columns>
        <join-column name="idproducto" referenced-column-name="id"/>
      </join-columns>
    </many-to-one>
    <many-to-one field="idcart" target-entity="Cart" fetch="LAZY">
      <join-columns>
        <join-column name="idcart" referenced-column-name="id"/>
      </join-columns>
    </many-to-one>
  </entity>
</doctrine-mapping>
