<?xml version="1.0" encoding="utf-8"?>
<doctrine-mapping xmlns="http://doctrine-project.org/schemas/orm/doctrine-mapping" xmlns:xsi="http://www.w3.org/2001/XMLSchema-instance" xsi:schemaLocation="http://doctrine-project.org/schemas/orm/doctrine-mapping http://doctrine-project.org/schemas/orm/doctrine-mapping.xsd">
  <entity name="Store\StoreBundle\Entity\Producto" table="producto" repository-class="Store\StoreBundle\Repository\ProductoRepository">
    <indexes>
      <index name="fk_category" columns="idcategory"/>
      <index name="fk_images" columns="headimg"/>
    </indexes>
    <id name="id" type="integer" column="id">
      <generator strategy="IDENTITY"/>
    </id>
    <field name="idproducto" type="string" column="idproducto" nullable="false">
      <options>
        <option name="unsigned"/>
      </options>
    </field>
 <!-- <many-to-one field="idproducto" target-entity="\Store\RestBundle\Articulos" fetch="LAZY" >
          <join-columns>
              <join-column name="idproducto" referenced-column-name="id"/>
          </join-columns>
      </many-to-one> -->
    <field name="sessionid" type="integer" column="sessionid" nullable="false">
      <options>
        <option name="unsigned"/>
      </options>
    </field>
      <field name="destacado" type="boolean" column="destacado" nullable="false">
          <options>
              <option name="unsigned"/>
          </options>
      </field>
      <one-to-many target-entity="ImagesProducto" mapped-by="idproducto" field="Images" >

      </one-to-many>

    <many-to-one field="idcategory" target-entity="Category" fetch="LAZY">
      <join-columns>
        <join-column name="idcategory" referenced-column-name="id"/>
      </join-columns>
    </many-to-one>
    <many-to-one field="headimg" target-entity="ImagesProducto" fetch="LAZY">
      <join-columns>
        <join-column name="headimg" referenced-column-name="id"/>
      </join-columns>
    </many-to-one>
  </entity>
</doctrine-mapping>
