<?xml version="1.0" ?>

<container xmlns="http://symfony.com/schema/dic/services"
           xmlns:xsi="http://www.w3.org/2001/XMLSchema-instance"
           xsi:schemaLocation="http://symfony.com/schema/dic/services http://symfony.com/schema/dic/services/services-1.0.xsd">

    <parameters>
        <parameter key="store.paginator_aware.class">Store\StoreBundle\Services\PaginatorAware</parameter>
    </parameters>

    <services>
        <service id="store.paginator_aware" class="%store.paginator_aware.class%">
            <tag name="knp_paginator.injectable" paginator="knp_paginator" />
        </service>


    </services>


</container>