<?xml version="1.0" encoding="utf-8"?>
<doctrine-mapping xmlns="http://doctrine-project.org/schemas/orm/doctrine-mapping" xmlns:xsi="http://www.w3.org/2001/XMLSchema-instance" xsi:schemaLocation="http://doctrine-project.org/schemas/orm/doctrine-mapping http://doctrine-project.org/schemas/orm/doctrine-mapping.xsd">
  <entity name="Store\RestBundle\Entity\Secciones" table="secciones">
      <id name="id" type="string" column="id"  >
          <options>
              <option name="unsigned"/>
          </options>
      </id>
      <field name="descripcion" type="string" column="descripcion"  nullable="false">
          <options>
              <option name="unsigned"/>
          </options>
      </field>
      <one-to-many target-entity="Store\RestBundle\Entity\Articulos" mapped-by="idSeccion" field="Articulos" >
      </one-to-many>
  </entity>
</doctrine-mapping>
